<?xml version="1.0" encoding="UTF-8"?>

<declared_type_set name="CoreMessageGroupTypeSet" id="urn:jaus:ReferenceArchitecture:CoreMessageGroupTypeSet"
                   version="3.2" xmlns="urn:jaus:jsidl:1.0">

    <!--~~~~~~~~~~     core command class fields   ~~~~~~~~~~-->

    <!-- Code 0001h: Set Component Authority -->
    <!-- Code 000Dh: Request Component Control -->
    <fixed_field name="AuthorityCode" field_type="byte" field_units="one" optional="false">
        <value_set offset_to_lower_limit="false">
            <value_range lower_limit_type="inclusive" lower_limit="0" upper_limit="255" upper_limit_type="inclusive"/>
        </value_set>
    </fixed_field>

    <!-- Code 0006h: Set Emergency -->
    <bit_field name="EmergencyCode" field_type_unsigned="unsigned short integer" optional="false">
        <sub_field name="emergency" interpretation="perform transition to emergency state">
            <bit_range from_index="0" to_index="0"/>
            <value_set  offset_to_lower_limit="false">
                <value_enum enum_index="0" enum_constant="emergency"
                            interpretation="perform transition to emergency state"/>
            </value_set>
        </sub_field>
        <sub_field name="reserved" interpretation="reserved bits">
            <bit_range from_index="1" to_index="15"/>
            <value_set offset_to_lower_limit="false">
                <value_enum enum_index="0" enum_constant="reserved"
                            interpretation="reserved bits must always be set to 0"/>
            </value_set>
        </sub_field>
    </bit_field>

    <!-- Code 0007h: Clear Emergency -->
    <bit_field name="EmergencyCode" field_type_unsigned="unsigned short integer" optional="false">
        <sub_field name="emergency" interpretation="perform transition from emergency state to stop state">
            <bit_range from_index="0" to_index="0"/>
            <value_set offset_to_lower_limit="false">
                <value_enum enum_index="0" enum_constant="stop"
                            interpretation="perform transition from emergency state to stop state"/>
            </value_set>
        </sub_field>
        <sub_field name="reserved" interpretation="reserved bits">
            <bit_range from_index="1" to_index="15"/>
            <value_set offset_to_lower_limit="false">
                <value_enum enum_index="0" enum_constant="reserved"
                            interpretation="reserved bits must always be set to 0"/>
            </value_set>
        </sub_field>
    </bit_field>

    <!-- Code 0008h: Create Service Connection -->
    <fixed_field name="CommandCode" field_type="unsigned short integer" field_units="one" optional="false"
                 interpretation="Command code of message to be sent on this service connection"/>

    <record name="CreateServiceConnectionRec">
        <declared_field declared_type_name="CommandCode" optional="false" name="CommandCode"/>
        <fixed_field name="RequestedPeriodicUpdateRate" field_type="unsigned short integer" field_units="hertz"
                     optional="false">
            <scale_range real_lower_limit="0" real_upper_limit="1092"
                         integer_function="round"/>
        </fixed_field>
        <fixed_field name="PresenceVector" field_type="unsigned short integer" field_units="one" optional="false"
                     interpretation="As defined by the specification of the message with command code used in field #1"/>
    </record>

    <!-- Code 0009h: Confirm Service Connection -->
    <record name="ConfirmServiceConnectionRec">
        <declared_field declared_type_name="CommandCode" optional="false" name="CommandCode"/>
        <fixed_field name="InstanceID" field_type="byte" field_units="one" optional="false"
                     interpretation="The specific service connection for the message whose command code is indicated in field #1"/>
        <fixed_field name="ConfirmPeriodicUpdateRate" field_type="unsigned short integer" field_units="hertz"
                     optional="false">
            <scale_range real_lower_limit="0" real_upper_limit="1092"
                         integer_function="round"/>
        </fixed_field>
        <fixed_field name="PresenceVector" field_type="unsigned short integer" field_units="one" optional="false"
                     interpretation="As defined by the specification of the message with command code used in field #1"/>
        <fixed_field name="ResponseCode" field_type="byte" field_units="one" optional="false">
            <value_set offset_to_lower_limit="false">
                <value_enum enum_index="0" enum_constant="successful"/>
                <value_enum enum_index="1" enum_constant="node not service connection capable"/>
                <value_enum enum_index="2" enum_constant="component not service connection capable"/>
                <value_enum enum_index="3" enum_constant="insufficient authority"/>
                <value_enum enum_index="4" enum_constant="connection refused"/>
                <value_enum enum_index="5" enum_constant="invalid create parameter(s)"/>
                <value_enum enum_index="6" enum_constant="command not supported"/>
            </value_set>
        </fixed_field>
    </record>

    <!-- Code 000Ah: Activate Service Connection -->
    <record name="ActivateServiceConnectionRec">
        <declared_field declared_type_name="CommandCode" optional="false" name="CommandCode"/>
        <fixed_field name="InstanceID" field_type="byte" field_units="one" optional="false"
                     interpretation="The specific service connection for the message whose command code is indicated in field #1"/>
    </record>

    <!-- Code 000Bh: Suspend Service Connection -->
    <record name="SuspendServiceConnectionRec">
        <declared_field declared_type_name="CommandCode" optional="false" name="CommandCode"/>
        <fixed_field name="InstanceID" field_type="byte" field_units="one" optional="false"
                     interpretation="The specific service connection for the message whose command code is indicated in field #1"/>
    </record>

    <!-- Code 000Ch: Terminate Service Connection -->
    <record name="TerminateServiceConnectionRec">
        <declared_field declared_type_name="CommandCode" optional="false" name="CommandCode"/>
        <fixed_field name="InstanceID" field_type="byte" field_units="one" optional="false"
                     interpretation="The specific service connection for the message whose command code is indicated in field #1"/>
    </record>

    <!-- Code 000Fh: Confirm Component Control -->
    <bit_field name="ResponseCode" field_type_unsigned="unsigned byte" optional="false">
        <sub_field name="response">
            <bit_range from_index="0" to_index="1"/>
            <value_set offset_to_lower_limit="false">
                <value_enum enum_index="0" enum_constant="control accepted"/>
                <value_enum enum_index="1" enum_constant="uninterruptable control not supported"/>
                <value_enum enum_index="2" enum_constant="control not accepted"/>
            </value_set>
        </sub_field>
        <sub_field name="reserved">
            <bit_range from_index="2" to_index="7"/>
            <value_set offset_to_lower_limit="false">
                <value_range lower_limit_type="inclusive" lower_limit="0" upper_limit="0" upper_limit_type="inclusive"
                             interpretation="all reserved bits must be set to 0"/>
            </value_set>
        </sub_field>
    </bit_field>

    <!-- Code 0011h: Set Time -->
    <bit_field name="TimeStamp" field_type_unsigned="unsigned integer" optional="false">
        <sub_field name="Milliseconds">
            <bit_range from_index="0" to_index="9"/>
            <value_set offset_to_lower_limit="false">
                <value_range lower_limit_type="inclusive" lower_limit="0" upper_limit="999"
                             upper_limit_type="inclusive"/>
            </value_set>
        </sub_field>
        <sub_field name="Seconds">
            <bit_range from_index="10" to_index="15"/>
            <value_set offset_to_lower_limit="false">
                <value_range lower_limit_type="inclusive" lower_limit="0" upper_limit="59"
                             upper_limit_type="inclusive"/>
            </value_set>
        </sub_field>
        <sub_field name="Minutes">
            <bit_range from_index="16" to_index="21"/>
            <value_set offset_to_lower_limit="false">
                <value_range lower_limit_type="inclusive" lower_limit="0" upper_limit="59"
                             upper_limit_type="inclusive"/>
            </value_set>
        </sub_field>
        <sub_field name="Hour">
            <bit_range from_index="22" to_index="26"/>
            <value_set offset_to_lower_limit="false">
                <value_range lower_limit_type="inclusive" lower_limit="0" upper_limit="23"
                             upper_limit_type="inclusive"/>
            </value_set>
        </sub_field>
        <sub_field name="Day">
            <bit_range from_index="27" to_index="31"/>
            <value_set offset_to_lower_limit="false">
                <value_range lower_limit_type="inclusive" lower_limit="1" upper_limit="31"
                             upper_limit_type="inclusive"/>
            </value_set>
        </sub_field>
    </bit_field>
    <bit_field name="DateStamp" field_type_unsigned="unsigned short integer" optional="false">
        <sub_field name="Day">
            <bit_range from_index="0" to_index="4"/>
            <value_set offset_to_lower_limit="false">
                <value_range lower_limit_type="inclusive" lower_limit="1" upper_limit="31"
                             upper_limit_type="inclusive"/>
            </value_set>
        </sub_field>
        <sub_field name="Month">
            <bit_range from_index="5" to_index="8"/>
            <value_set offset_to_lower_limit="false">
                <value_range lower_limit_type="inclusive" lower_limit="1" upper_limit="12"
                             upper_limit_type="inclusive"/>
            </value_set>
        </sub_field>
        <sub_field name="Year">
            <bit_range from_index="9" to_index="15"/>
            <value_set offset_to_lower_limit="false">
                <value_range lower_limit_type="inclusive" lower_limit="0" upper_limit="127" upper_limit_type="inclusive"
                             interpretation="Where 0 is 2000, 1 is 2001, etc."/>
            </value_set>
        </sub_field>
    </bit_field>

    <record name="SetTimeRec">
        <presence_vector field_type_unsigned="unsigned byte"/>
        <declared_field declared_type_name="TimeStamp" optional="true" name="TimeStamp"/>
        <declared_field declared_type_name="DateStamp" optional="true" name="DateStamp"/>
    </record>

    <!-- Code 2001h: Report Component Status -->
    <record name="ReportComponentStatusRec">
        <bit_field name="PrimaryStatusCode" field_type_unsigned="unsigned byte" optional="false">
            <sub_field name="PrimaryStatusCode">
                <bit_range from_index="0" to_index="3"/>
                <value_set offset_to_lower_limit="false">
                    <value_enum enum_index="0" enum_constant="Initialize"/>
                    <value_enum enum_index="1" enum_constant="Ready"/>
                    <value_enum enum_index="2" enum_constant="Standby"/>
                    <value_enum enum_index="3" enum_constant="Shutdown"/>
                    <value_enum enum_index="4" enum_constant="Failure"/>
                    <value_enum enum_index="5" enum_constant="Emergency"/>
                </value_set>
            </sub_field>
            <sub_field name="Available">
                <bit_range from_index="4" to_index="7"/>
                <value_set offset_to_lower_limit="false">
                    <value_range lower_limit_type="inclusive" lower_limit="0" upper_limit="0"
                                 upper_limit_type="inclusive" interpretation="available bits must always be set to 0."/>
                </value_set>
            </sub_field>
        </bit_field>
        <bit_field name="SecondaryStatusCode" field_type_unsigned="unsigned integer" optional="false">
            <sub_field name="Reserved">
                <bit_range from_index="0" to_index="15"/>
                <value_set offset_to_lower_limit="false">
                    <value_range lower_limit_type="inclusive" lower_limit="0" upper_limit="0"
                                 upper_limit_type="inclusive" interpretation="reserved bits must always be set to 0."/>
                </value_set>
            </sub_field>
            <sub_field name="Available">
                <bit_range from_index="16" to_index="31"/>
                <value_set offset_to_lower_limit="false">
                    <value_range lower_limit_type="inclusive" lower_limit="0" upper_limit="0"
                                 upper_limit_type="inclusive" interpretation="available bits must always be set to 0."/>
                </value_set>
            </sub_field>
        </bit_field>
    </record>
</declared_type_set>
