<?xml version="1.0" encoding="UTF-8"?>
<service_def xmlns="urn:jaus:jsidl:1.0" id="JAUS:RA:OPC:ComponentService" name="ComponentService" version="2.75">
  <description xml:space="preserve"></description>
  <assumptions>
    <channel_assumptions>
      None.
    </channel_assumptions>
    <process_assumptions>
    	<client-of version="2.75" interpretation="" name="TransportService"
    		id="urn:jaus:ReferenceArchitecture:OPC:TransportService" ></client-of>
    	<client-of version="2.75" interpretation="" name="DiscoveryService"
    		id="urn:jaus:ReferenceArchitecture:OPC:DiscoveryService" /></process_assumptions>
  </assumptions>
<declared_type_set name="TransportServiceMessage">
		<fixed_field name="QueryType" field_type="unsigned byte"
			optional="false" field_units="one" />
  	<record name="RA3Header">
  		<bit_field field_type_unsigned="unsigned short integer" optional="false"
  			name="MessageProperties">
  			<sub_field name="MessagePriority">
  				<bit_range to_index="3" from_index="0" ></bit_range>
  				<value_set offset_to_lower_limit="true">
  					<value_range upper_limit="15"
  						upper_limit_type="inclusive" lower_limit_type="inclusive"
  						lower_limit="0" />
  				</value_set>
  			</sub_field>
  			<sub_field name="ArkNak">
  				<bit_range to_index="5" from_index="4" />
  				<value_set offset_to_lower_limit="true">
  					<value_range upper_limit="3"
  						upper_limit_type="inclusive" lower_limit_type="inclusive"
  						lower_limit="0" />
  				</value_set>
  			</sub_field>
  			<sub_field name="ServiceConnectionFlag">
  				<bit_range to_index="6" from_index="6" />
  				<value_set offset_to_lower_limit="true">
  					<value_enum enum_constant="Not" enum_index="0" /><value_enum
  						enum_constant="" enum_index="1" ></value_enum>
  					
  				</value_set>
  			</sub_field>
  			<sub_field name="UserDefinedMessageFlag">
  				<bit_range to_index="7" from_index="7" ></bit_range>
  				<value_set offset_to_lower_limit="true">
  					<value_enum enum_constant="JAUS" enum_index="0" /><value_enum
  						enum_constant="Experimental" enum_index="1" ></value_enum>
  					
  				</value_set>
  			</sub_field>
  			<sub_field name="Version">
  				<bit_range to_index="13" from_index="8" />
  				<value_set offset_to_lower_limit="true">
  					<value_range upper_limit="63"
  						upper_limit_type="inclusive" lower_limit_type="inclusive"
  						lower_limit="0" />
  				</value_set>
  			</sub_field>
  			<sub_field name="Reserved">
  				<bit_range to_index="15" from_index="14" />
  				<value_set offset_to_lower_limit="true">
  					<value_range upper_limit="0"
  						upper_limit_type="inclusive" lower_limit_type="inclusive"
  						lower_limit="0" />
  				</value_set>
  			</sub_field>
  		</bit_field>
  		<fixed_field field_units="one" optional="false" name="CommandCode"
  			field_type="unsigned short integer">
  		</fixed_field>
  		<fixed_field field_units="one" optional="false" name="DestinationInstanceId" field_type="unsigned byte">
  		</fixed_field>
  		<fixed_field field_units="one" optional="false" name="DestinationComponentId" field_type="unsigned byte">
  		</fixed_field>
  		<fixed_field field_units="one" optional="false" name="DestinationNodeId" field_type="unsigned byte">
  		</fixed_field>
  		<fixed_field field_units="one" optional="false" name="DestinationSubsystemId" field_type="unsigned byte">
  		</fixed_field>
  		<fixed_field field_units="one" optional="false" name="SourceInstanceId" field_type="unsigned byte">
  		</fixed_field>
  		<fixed_field field_units="one" optional="false" name="SourceComponentId" field_type="unsigned byte">
  		</fixed_field>
  		<fixed_field field_units="one" optional="false" name="SourceNodeId" field_type="unsigned byte">
  		</fixed_field>
  		<fixed_field field_units="one" optional="false" name="SourceSubsystemId" field_type="unsigned byte">
  		</fixed_field>
  		<bit_field field_type_unsigned="unsigned short integer" optional="false"
  			name="DataControl">
  			<sub_field name="DataSize">
  				<bit_range to_index="11" from_index="0" />
  				<value_set offset_to_lower_limit="true">
  					<value_range upper_limit="4080"
  						upper_limit_type="inclusive" lower_limit_type="inclusive"
  						lower_limit="0" />
  				</value_set>
  			</sub_field>
  			<sub_field name="DataFlags">
  				<bit_range to_index="15" from_index="12" />
  				<value_set offset_to_lower_limit="true">
  					<value_enum enum_constant="SinglePacket" enum_index="0" /><value_enum
  						enum_constant="FirstPacket" enum_index="1" /><value_enum
  						enum_constant="NormalPacket" enum_index="2" /><value_enum
  						enum_constant="RemitPacket" enum_index="4" /><value_enum
  						enum_constant="LastPacket" enum_index="8" ></value_enum>
  					
  				</value_set>
  			</sub_field>
  		</bit_field>
  		<fixed_field field_units="one" optional="false" name="SequenceNumber"
  			field_type="unsigned short integer">
  		</fixed_field>
  	</record>
  	<record name="MessageData">
  		<variable_length_field optional="true" name="Data"
  			field_format="bytes">
  			<count_field field_type_unsigned="unsigned short integer"
  				min_count="0" max_count="4080"></count_field>
  		</variable_length_field></record>
  </declared_type_set>
  <message_set>
		<message_def name="ReportHeartbeatPulse" message_id="4202"
			type="output" is_command="false">
			<description></description>
			<body />
		</message_def>
		<message_def name="QueryIdentification" type="input"
			message_id="D2A4" is_command="true">
			<description></description>
			<body>
				<record name="QueryIdetification">
					<declared_field name="QueryType"
						declared_type_name="QueryType" optional="false" />
				</record>
			</body>
		</message_def>
		<message_def name="ReportIdentification" type="output"
			message_id="D4A5" is_command="false">
			<description></description>
			<body>
				<record name="ReportIdentification">
					<declared_field name="QueryType"
						declared_type_name="QueryType" optional="false" />
					<fixed_field name="Authority"
						field_type="unsigned byte" field_units="one" optional="false" />
					<fixed_field name="Type"
						field_type="unsigned short integer" field_units="one"
						optional="false" />
					<fixed_length_string name="Identification"
						optional="false" string_length="80" />
				</record>
			</body>
		</message_def>
		<message_def name="QueryServices" message_id="D2A7" type="input"
			is_command="true">
			<description></description>
			<body />
		</message_def>
		<message_def name="ReportServices" message_id="D4A7"
			type="output" is_command="false">
			<description></description>
			<body>
				<list_count name="ServiceCount">
					<count_field field_type_unsigned="unsigned byte" />
				</list_count>
				<list name="Service">
					<record name="ServiceType">
						<fixed_field name="ServiceType"
							field_type="unsigned short integer" field_units="one"
							optional="false" />
					</record>
					<list_count name="InputMessageCount">
						<count_field
							field_type_unsigned="unsigned byte" />
					</list_count>
					<list name="InputMessage">
						<record name="InputMessage">
							<fixed_field name="CommandCode"
								field_type="unsigned short integer" field_units="one"
								optional="false" />
							<fixed_field name="PresenceVector"
								field_type="unsigned integer" field_units="one"
								optional="false" />
						</record>
					</list>
					<list_count name="OutputMessageCount">
						<count_field
							field_type_unsigned="unsigned byte" />
					</list_count>
					<list name="OutputMessage">
						<record name="OutputMessage">
							<fixed_field name="CommandCode"
								field_type="unsigned short integer" field_units="one"
								optional="false" />
							<fixed_field name="PresenceVector"
								field_type="unsigned integer" field_units="one"
								optional="false" />
						</record>
					</list>
				</list>
			</body>
  	</message_def>
	      <message_def name="ReportSystemTree" is_command="false" type="input"
	      	message_id="FF01">
	      	<description></description>
	      	<body>
	      		<list_count name="SubsystemCount">
	      			<count_field field_type_unsigned="unsigned byte" />
	      		</list_count>
	      		<list name="Subsystem">
	      			<record name="SubsystemId">
	      				<fixed_field field_units="one"
	      					optional="false" name="SubsystemId" field_type="unsigned byte">
	      				</fixed_field>
	      				<fixed_field field_units="one"
	      					optional="false" name="ResetFlag" field_type="unsigned byte">
	      				</fixed_field></record>
	      			<list_count name="NodeCount">
	      				<count_field
	      					field_type_unsigned="unsigned byte" ></count_field>
	      			</list_count>
	      			<list name="Node">
	      				<record name="NodeId">
	      				<fixed_field field_units="one"
	      					optional="false" name="NodeId" field_type="unsigned byte">
	      				</fixed_field>
	      				<fixed_field field_units="one"
	      					optional="false" name="ResetFlag" field_type="unsigned byte">
	      				</fixed_field></record>
	      				<list_count name="ComponentCount">
	      					<count_field
	      						field_type_unsigned="unsigned byte" />
	      				</list_count>
	      				<list name="Component">
	      					<record name="ComponentId">
	      				<fixed_field field_units="one"
	      					optional="false" name="ComponentId" field_type="unsigned byte">
	      				</fixed_field>
	      				<fixed_field field_units="one"
	      					optional="false" name="ResetFlag" field_type="unsigned byte">
	      				</fixed_field></record>
	      					<list_count name="ServiceCount">
	      						<count_field
	      							field_type_unsigned="unsigned byte" />
	      					</list_count>
	      					<list name="Service">
	      						<record name="ServiceType">
	      							<fixed_field
	      								field_type="unsigned short integer" field_units="one"
	      								name="ServiceType" optional="false">
	      							</fixed_field></record>
	      					</list>
	      				</list>
	      			</list>
	      		</list>
	      	</body>
	      </message_def>
	      <message_def is_command="true" message_id="F0A1" name="CreateEvent" type="input">
	      	<description></description>
	      	<body>
	      		<record name="CreateEventRecord">
	      			<presence_vector
	      				field_type_unsigned="unsigned byte" />
	      			<fixed_field field_type="unsigned short integer" field_units="one" name="MessageCode" optional="false"></fixed_field>
	      			<fixed_field field_type="unsigned byte" field_units="one" name="EventType" optional="false"></fixed_field>
	      			<array optional="false" name="QueryMessage">
	      				<fixed_field field_units="one"
	      					optional="false" name="QueryMessageField" field_type="unsigned byte">
	      				</fixed_field>
	      				<dimension name="Length" size="17" />
	      			</array>
	      			
	      			
	      		</record></body></message_def>
	      <message_def name="ConfirmEvent" is_command="false" type="output"
	      	message_id="F009">
	      	<description></description>
	      	<body>
	      		<record name="ConfirmEventRecord">
	      			<presence_vector
	      				field_type_unsigned="unsigned byte" />
	      			<fixed_field field_units="one" optional="false"
	      				name="CommandCode" field_type="unsigned short integer">
	      			</fixed_field>
	      			<fixed_field field_units="one" optional="false"
	      				name="EventId" field_type="unsigned byte">
	      			</fixed_field>
	      			<fixed_field field_units="hertz" optional="true"
	      				name="ConfirmedPeriodicUpdateRate" field_type="unsigned short integer">
	      			</fixed_field>
	      			<fixed_field field_units="one" optional="false"
	      				name="ResponseCode" field_type="unsigned byte">
	      			</fixed_field></record>
	      	</body>
	      </message_def>
  </message_set> 
  <protocol_behavior>
    <start state="ready" map="Map1"></start>
    <map name="Map1">
      <state name="ready">
      	<transition name="QueryIdentification">
      		<parameter type="ComponentMessage" variable="qIdenMsg" />
      		<simple></simple>
      		<action name="ReportIdentification">
      			<argument variable="qIdenMsg" /></action>
      	</transition>
      	<transition name="QueryServices">
      		<parameter type="ComponentMessage" variable="qSvcMsg" />
      		<simple></simple>
      		<action name="ReportServices">
      			<argument variable="qSvcMsg" /></action>
      	</transition>
      	
      	<transition name="ReportSystemTree">
      		<parameter type="ComponentMessage" variable="rSysTreeMsg" />
      		<simple></simple>
      		<action name="UpdateSystemTree">
      			<argument variable="rSysTreeMsg" ></argument></action>
      	</transition><transition name="CreateEvent">
      		<parameter type="ComponentMessage" variable="crEventMsg" />
      		<simple></simple>
      		<action name="ConfirmEvent">
      			<argument variable="crEventMsg" /></action>
      	</transition>
      </state>
    </map>
  </protocol_behavior>
</service_def>
