<?xml version="1.0" encoding="UTF-8"?>
<?oxygen RNGSchema="file:/C:/arfath/JSIDL/schema/jaus_service_interface_definition_language.rnc" type="compact"?>
<service_def xmlns="urn:jaus:jsidl:1.0" id="JAUS:RA:OPC:TransportService" name="TransportService" version="2.75">
  <description xml:space="preserve">
    The transport service provides an interface or abstraction of the 
    transport layer. It models an abstract bi-directional communication 
    channel that can be used by other services at the application layer to 
    send and receive messages to and from their peers. This service 
    establishes a communication endpoint whose address is defined by 
    the 4-tuple SubsystemID.NodeID.ComponentID.ServiceID.
    
    Its primary function is to provide the capability to send messages to
    a single destination endpoint, or a group of destination endpoints, 
    and to receive a message from any source endpoint. It also 
    provides the capability to prioritize the delivery of sent messages and
    reliable delivery.
  </description>
  <assumptions>
    <channel_assumptions>
      None.
    </channel_assumptions>
    <process_assumptions/>
  </assumptions>
  <declared_type_set name="TransportServiceMessage">
  	<record name="RA3Header">
  		<bit_field field_type_unsigned="unsigned short integer" optional="false"
  			name="MessageProperties">
  			<sub_field name="MessagePriority">
  				<bit_range to_index="3" from_index="0" ></bit_range>
  				<value_set offset_to_lower_limit="true">
  					<value_range upper_limit="15"
  						upper_limit_type="inclusive" lower_limit_type="inclusive"
  						lower_limit="0" />
  				</value_set>
  			</sub_field>
  			<sub_field name="ArkNak">
  				<bit_range to_index="5" from_index="4" />
  				<value_set offset_to_lower_limit="true">
  					<value_range upper_limit="3"
  						upper_limit_type="inclusive" lower_limit_type="inclusive"
  						lower_limit="0" />
  				</value_set>
  			</sub_field>
  			<sub_field name="ServiceConnectionFlag">
  				<bit_range to_index="6" from_index="6" />
  				<value_set offset_to_lower_limit="true">
  					<value_enum enum_constant="Not" enum_index="0" /><value_enum
  						enum_constant="" enum_index="1" ></value_enum>
  					
  				</value_set>
  			</sub_field>
  			<sub_field name="UserDefinedMessageFlag">
  				<bit_range to_index="7" from_index="7" ></bit_range>
  				<value_set offset_to_lower_limit="true">
  					<value_enum enum_constant="JAUS" enum_index="0" /><value_enum
  						enum_constant="Experimental" enum_index="1" ></value_enum>
  					
  				</value_set>
  			</sub_field>
  			<sub_field name="Version">
  				<bit_range to_index="13" from_index="8" />
  				<value_set offset_to_lower_limit="true">
  					<value_range upper_limit="63"
  						upper_limit_type="inclusive" lower_limit_type="inclusive"
  						lower_limit="0" />
  				</value_set>
  			</sub_field>
  			<sub_field name="Reserved">
  				<bit_range to_index="15" from_index="14" />
  				<value_set offset_to_lower_limit="true">
  					<value_range upper_limit="0"
  						upper_limit_type="inclusive" lower_limit_type="inclusive"
  						lower_limit="0" />
  				</value_set>
  			</sub_field>
  		</bit_field>
  		<fixed_field field_units="one" optional="false" name="CommandCode"
  			field_type="unsigned short integer">
  		</fixed_field>
  		<fixed_field field_units="one" optional="false" name="DestinationInstanceId" field_type="unsigned byte">
  		</fixed_field>
  		<fixed_field field_units="one" optional="false" name="DestinationComponentId" field_type="unsigned byte">
  		</fixed_field>
  		<fixed_field field_units="one" optional="false" name="DestinationNodeId" field_type="unsigned byte">
  		</fixed_field>
  		<fixed_field field_units="one" optional="false" name="DestinationSubsystemId" field_type="unsigned byte">
  		</fixed_field>
  		<fixed_field field_units="one" optional="false" name="SourceInstanceId" field_type="unsigned byte">
  		</fixed_field>
  		<fixed_field field_units="one" optional="false" name="SourceComponentId" field_type="unsigned byte">
  		</fixed_field>
  		<fixed_field field_units="one" optional="false" name="SourceNodeId" field_type="unsigned byte">
  		</fixed_field>
  		<fixed_field field_units="one" optional="false" name="SourceSubsystemId" field_type="unsigned byte">
  		</fixed_field>
  		<bit_field field_type_unsigned="unsigned short integer" optional="false"
  			name="DataControl">
  			<sub_field name="DataSize">
  				<bit_range to_index="11" from_index="0" />
  				<value_set offset_to_lower_limit="true">
  					<value_range upper_limit="4080"
  						upper_limit_type="inclusive" lower_limit_type="inclusive"
  						lower_limit="0" />
  				</value_set>
  			</sub_field>
  			<sub_field name="DataFlags">
  				<bit_range to_index="15" from_index="12" />
  				<value_set offset_to_lower_limit="true">
  					<value_enum enum_constant="SinglePacket" enum_index="0" /><value_enum
  						enum_constant="FirstPacket" enum_index="1" /><value_enum
  						enum_constant="NormalPacket" enum_index="2" /><value_enum
  						enum_constant="RemitPacket" enum_index="4" /><value_enum
  						enum_constant="LastPacket" enum_index="8" ></value_enum>
  					
  				</value_set>
  			</sub_field>
  		</bit_field>
  		<fixed_field field_units="one" optional="false" name="SequenceNumber"
  			field_type="unsigned short integer">
  		</fixed_field>
  	</record>
  	<record name="MessageData">
  		<variable_length_field optional="true" name="Data"
  			field_format="bytes">
  			<count_field field_type_unsigned="unsigned short integer"
  				min_count="0" max_count="4080"></count_field>
  		</variable_length_field></record>
  </declared_type_set>
  <message_set>
  </message_set> 
  <protocol_behavior>
    <start state="ready" map="Map1"></start>
    <map name="Map1">
      <state name="ready">
        <transition name="ComponentMessage">
          <parameter type="ComponentMessage" variable="compMsg" />
          <simple>
            <end_state state="ready" map="Map1"/>
          </simple>
          <action name="RouteAndSendMessageToNetwork" interpretation="">
          	<argument variable="compMsg" ></argument></action>
        </transition>
      </state>
    </map>
  </protocol_behavior>
</service_def>
