<?xml version="1.0" encoding="UTF-8"?>
<?oxygen RNGSchema="../schema/jsidl.rnc" type="compact"?>
<service_def xmlns="urn:jaus:jsidl:1.0"
             id="urn:jaus:sae.org:VisualSensor"
             name="VisualSensor" version="4.1">
    <description>
        This service provides access to one or more cameras
        controlled as a group. A client can access camera
        images and feature information the camera(s) may extract from
        those images.

        $Id: VisualSensor.xml,v 1.3 2008/03/05 20:53:25 jaehoon Exp $
        $URL: https://www.fastpilot.com/svn/as4c/trunk/JSS/visual_sensor/visual_sensor.xml $
    </description>
    <assumptions>
        <channel_assumptions>
        </channel_assumptions>
    </assumptions>
    <declared_type_set name="VisualSensorTypeSet">
        <declared_type_set_ref name="CoreMessageGroupTypeSet" id="urn:jaus:ReferenceArchitecture:CoreMessageGroupTypeSet" version="3.2"/>
        <fixed_field name="AudioFormat" field_type="byte"
                     optional="true" interpretation="Audio format code" field_units="one">
            <value_set offset_to_lower_limit="false">
                <value_enum enum_index="0" enum_constant="Unused"/>
                <value_enum enum_index="1" enum_constant="RAW"/>
                <value_enum enum_index="2" enum_constant="PCM"/>
                <value_enum enum_index="3" enum_constant="AU"/>
                <value_enum enum_index="4" enum_constant="WAV"/>
                <value_enum enum_index="5" enum_constant="MID"/>
                <value_enum enum_index="6" enum_constant="MPEG1 Layer 3 (MP3)"/>
                <value_enum enum_index="7" enum_constant="MP2"/>
                <value_enum enum_index="8" enum_constant="Advanced Stream Format (ASF)"/>
                <value_range lower_limit_type="inclusive" lower_limit="9"
                             upper_limit_type="inclusive" upper_limit="255" interpretation="Reserved"/>
            </value_set>
        </fixed_field>
        <fixed_field name="ImageFormat" field_type="byte"
                     optional="true" interpretation="Image format code" field_units="one">
            <value_set offset_to_lower_limit="false">
                <value_enum enum_index="0" enum_constant="Unused"/>
                <value_enum enum_index="1" enum_constant="MPEG2"/>
                <value_enum enum_index="2" enum_constant="MPEG4"/>
                <value_enum enum_index="3" enum_constant="MJPEG"/>
                <value_enum enum_index="4" enum_constant="NTSC"/>
                <value_enum enum_index="5" enum_constant="PAL"/>
                <value_enum enum_index="6" enum_constant="TIFF"/>
                <value_enum enum_index="7" enum_constant="JPEG"/>
                <value_enum enum_index="8" enum_constant="GIF"/>
                <value_enum enum_index="9" enum_constant="H263"/>
                <value_enum enum_index="10" enum_constant="H264"/>
                <value_enum enum_index="11" enum_constant="PNG"/>
                <value_enum enum_index="12" enum_constant="BMP"/>
                <value_enum enum_index="13" enum_constant="RAW"/>
                <value_enum enum_index="14" enum_constant="PPM"/>
                <value_enum enum_index="15" enum_constant="PGM"/>
                <value_enum enum_index="16" enum_constant="PNM"/>
                <value_range lower_limit_type="inclusive" lower_limit="17"
                             upper_limit_type="inclusive" upper_limit="255" interpretation="Reserved"/>
            </value_set>
        </fixed_field>
    </declared_type_set>

    <message_set xmlns="urn:jaus:jsidl:1.0" interpretation="Set of
							  messages for
							  Camera Control">
        <message_def name="SetCameraPose" type="input" is_command="true" message_id="0801">
            <description>
                This message is used to control the position and orientation
                of cameras with translational and/or rotational capabilities.
                An example is a camera mounted on a pan-tilt mechanism. The
                translation and rotation of the camera are with respect to the
                camera's coordinate frame (see Figure 2.1). In this frame,
                panning is a rotation of the camera about its Y-axis. A
                positive Y-axis rotation will rotate the camera to the
                viewer's right. Tilt is a rotation of the camera about its
                X-axis. A positive X-axis rotation will rotate the camera up.
            </description>
            <body>
                <record name="body">
                    <presence_vector field_type_unsigned="unsigned byte"/>
                    <fixed_field name="cameraId" field_type="byte" interpretation="Camera ID: 1 ... 255
									 0
									 is
									 Reserved"
                                 optional="true"
                                 field_units="one">
                        <value_set offset_to_lower_limit="false">
                            <value_range lower_limit_type="inclusive" lower_limit="1"
                                         upper_limit_type="inclusive" upper_limit="255"/>
                        </value_set>
                    </fixed_field>
                    <bit_field name="modeIndicator" field_type_unsigned="unsigned byte"
                               interpretation="Mode Indicator
				     Bits 0-5, 1/0 = Rate/Position mode
				     for field #'s 4-9 respectively
				     Bits 6 and 7 are Reserved" optional="false">
                        <sub_field name="xLinearModeIndicator">
                            <bit_range from_index="0"
                                       to_index="0"/>
                            <value_set offset_to_lower_limit="false">
                                <value_range lower_limit_type="inclusive" lower_limit="0"
                                             upper_limit_type="inclusive" upper_limit="1"
                                             interpretation="0=Position, 1=Rate"/>
                            </value_set>
                        </sub_field>
                        <sub_field name="yLinearModeIndicator">
                            <bit_range from_index="1"
                                       to_index="1"/>
                            <value_set offset_to_lower_limit="false">
                                <value_range lower_limit_type="inclusive" lower_limit="0"
                                             upper_limit_type="inclusive" upper_limit="1"
                                             interpretation="0=Position, 1=Rate"/>
                            </value_set>
                        </sub_field>
                        <sub_field name="zLinearModeIndicator">
                            <bit_range from_index="2"
                                       to_index="2"/>
                            <value_set offset_to_lower_limit="false">
                                <value_range lower_limit_type="inclusive" lower_limit="0"
                                             upper_limit_type="inclusive" upper_limit="1"
                                             interpretation="0=Position, 1=Rate"/>
                            </value_set>
                        </sub_field>
                        <sub_field name="xAngularModeIndicator">
                            <bit_range from_index="3"
                                       to_index="3"/>
                            <value_set offset_to_lower_limit="false">
                                <value_range lower_limit_type="inclusive" lower_limit="0"
                                             upper_limit_type="inclusive" upper_limit="1"
                                             interpretation="0=Position, 1=Rate"/>
                            </value_set>
                        </sub_field>
                        <sub_field name="yAngularModeIndicator">
                            <bit_range from_index="4"
                                       to_index="4"/>
                            <value_set offset_to_lower_limit="false">
                                <value_range lower_limit_type="inclusive" lower_limit="0"
                                             upper_limit_type="inclusive" upper_limit="1"
                                             interpretation="0=Position, 1=Rate"/>
                            </value_set>
                        </sub_field>
                        <sub_field name="zAngularModeIndicator">
                            <bit_range from_index="5"
                                       to_index="5"/>
                            <value_set offset_to_lower_limit="false">
                                <value_range lower_limit_type="inclusive" lower_limit="0"
                                             upper_limit_type="inclusive" upper_limit="1"
                                             interpretation="0=Position, 1=Rate"/>
                            </value_set>
                        </sub_field>
                        <sub_field name="Reserved">
                            <bit_range from_index="6"
                                       to_index="7"/>
                            <value_set offset_to_lower_limit="false">
                                <value_range lower_limit_type="inclusive" lower_limit="0"
                                             upper_limit_type="inclusive" upper_limit="0"/>
                            </value_set>
                        </sub_field>
                    </bit_field>
                    <fixed_field name="xDisplacementOrLinearRate" field_type="unsigned short integer" field_units="one"
                                 optional="true"
                                 interpretation="+or- 100%, where full scale is determined by the greater of the positive or negative displacement and/or linear rate ranges.
				       Scaled Integer:
				       Lower limit = -100%
				       Upper limit = 100%">
                        <scale_range real_lower_limit="-100"
                                     real_upper_limit="100" integer_function="round"/>
                    </fixed_field>
                    <fixed_field name="yDisplacementOrLinearRate"
                                 field_type="unsigned short integer"
                                 field_units="one" optional="true"
                                 interpretation="+or- 100%, where full scale is determined by the greater of the positive or negative displacement and/or linear rate ranges.
				       Scaled Integer:
				       Lower limit = -100%
				       Upper limit = 100%">
                        <scale_range real_lower_limit="-100"
                                     real_upper_limit="100" integer_function="round"/>
                    </fixed_field>
                    <fixed_field name="zDisplacementOrLinearRate" field_type="unsigned short integer" field_units="one"
                                 optional="true"
                                 interpretation="+or- 100%, where full scale is determined by the greater of the positive or negative displacement and/or linear rate ranges.
				       Scaled Integer:
				       Lower limit = -100%
				       Upper limit = 100%">
                        <scale_range real_lower_limit="-100"
                                     real_upper_limit="100" integer_function="round"/>
                    </fixed_field>
                    <fixed_field name="xAngleOrAngularRotationRate" field_type="unsigned short integer"
                                 field_units="one" optional="true"
                                 interpretation="+or- 100%, where full scale is determined by the greater of the positive or negative angular displacement and/or rotation rate ranges.
				       Scaled Integer:
				       Lower limit = -100%
				       Upper limit = 100%">
                        <scale_range real_lower_limit="-100"
                                     real_upper_limit="100" integer_function="round"/>
                    </fixed_field>
                    <fixed_field name="yAngleOrAngularRotationRate" field_type="unsigned short integer"
                                 field_units="one" optional="true"
                                 interpretation="+or- 100%, where full scale is determined by the greater of the positive or negative angular displacement and/or rotation rate ranges.
				       Scaled Integer:
				       Lower limit = -100%
				       Upper limit = 100%">
                        <scale_range real_lower_limit="-100"
                                     real_upper_limit="100" integer_function="round"/>
                    </fixed_field>
                    <fixed_field name="zAngleOrAngularRotationRate" field_type="unsigned short integer"
                                 field_units="one" optional="true"
                                 interpretation="+or- 100%, where full scale is determined by the greater of the positive or negative angular displacement and/or rotation rate ranges.
				       Scaled Integer:
				       Lower limit = -100%
				       Upper limit = 100%">
                        <scale_range real_lower_limit="-100"
                                     real_upper_limit="100" integer_function="round"/>
                    </fixed_field>
                </record>
            </body>
        </message_def>
        <message_def name="SelectCamera" type="input" is_command="true" message_id="0802">
            <description>
                The Select Camera message commands the Visual Component to use
                the selected camera for all video traffic. The messages Query
                Camera Count and Report Camera Count should be used to qualify
                the command data field.
            </description>
            <body>
                <record name="body">
                    <fixed_field name="cameraId" field_type="byte"
                                 interpretation="0 - 255" optional="true"
                                 field_units="one">
                        <value_set offset_to_lower_limit="false">
                            <value_range lower_limit_type="inclusive" lower_limit="0"
                                         upper_limit_type="inclusive" upper_limit="255"/>
                        </value_set>
                    </fixed_field>
                </record>
            </body>
        </message_def>
        <message_def type="input" is_command="true" message_id="0805" name="SetCameraCapabilities">
            <description>
                The Set Camera Capabilities message commands the Visual
                Component to use the parameters specified for the currently
                selected camera.
            </description>
            <body>
                <record name="body">
                    <presence_vector field_type_unsigned="unsigned short integer"/>
                    <fixed_field name="cameraId" field_type="byte"
                                 interpretation="1 ... 255, 0 is Reserved" optional="true"
                                 field_units="one">
                        <value_set offset_to_lower_limit="false">
                            <value_range lower_limit_type="inclusive" lower_limit="1"
                                         upper_limit_type="inclusive" upper_limit="255"/>
                        </value_set>
                    </fixed_field>
                    <fixed_field name="horizontalFov" field_type="unsigned short integer" field_units="radian"
                                 optional="true"
                                 interpretation="Scaled Integer Lower Limit = 0 Upper Limit = PI">
                        <scale_range real_lower_limit="0"
                                     real_upper_limit="3.14159265359" integer_function="round"/>
                    </fixed_field>
                    <fixed_field name="verticalFov" field_type="unsigned short integer" field_units="radian"
                                 optional="true"
                                 interpretation="Scaled Integer Lower Limit = 0 Upper Limit = PI">
                        <scale_range real_lower_limit="0"
                                     real_upper_limit="3.14159265359" integer_function="round"/>
                    </fixed_field>
                    <fixed_field name="HorizontalResolution" field_type="unsigned short integer" optional="true"
                                 interpretation="The number of horizontal scan
				       lines produced by the camera." field_units="one">
                        <value_set offset_to_lower_limit="false">
                            <value_range lower_limit_type="inclusive" lower_limit="0"
                                         upper_limit_type="inclusive" upper_limit="65535"/>
                        </value_set>
                    </fixed_field>
                    <fixed_field name="verticalResolution" field_type="unsigned short integer" optional="true"
                                 interpretation="The number of vertical scan lines produced by the camera."
                                 field_units="one">
                        <value_set offset_to_lower_limit="false">
                            <value_range lower_limit_type="inclusive" lower_limit="0"
                                         upper_limit_type="inclusive" upper_limit="65535"/>
                        </value_set>
                    </fixed_field>
                    <fixed_field name="focus" field_type="byte" field_units="one" optional="true"
                                 interpretation="0 to 100 percent of possible focal length where 0 equates to the focal point nearest the camera.">
                        <scale_range real_lower_limit="0"
                                     real_upper_limit="100" integer_function="round"/>
                    </fixed_field>
                    <fixed_field name="iris" field_type="byte" field_units="one" optional="true"
                                 interpretation="0 to 100 percent of possible aperture width where 0 equates to a closed aperture and 100 is full open.">
                        <scale_range real_lower_limit="0"
                                     real_upper_limit="100" integer_function="round"/>
                    </fixed_field>
                    <fixed_field name="gain" field_type="byte" field_units="one" optional="true"
                                 interpretation="0 to 100 percent of possible gain where 0 equates to the lowest level of allowable visual noise and 100 is the maximum.">
                        <scale_range real_lower_limit="0"
                                     real_upper_limit="100" integer_function="round"/>
                    </fixed_field>
                    <fixed_field name="frameRate" field_type="unsigned short integer" field_units="one" optional="true"
                                 interpretation="For Motion Picture (Video) cameras this value represents the actual Frame Rate in frame per second.">
                        <value_set offset_to_lower_limit="false">
                            <value_range lower_limit_type="inclusive" lower_limit="0"
                                         upper_limit_type="inclusive" upper_limit="65535"/>
                        </value_set>
                    </fixed_field>
                    <fixed_field name="shutter" field_type="unsigned short integer" field_units="hertz" optional="true"
                                 interpretation="For Still imagery this field is defined as the inverse of the field value.  For example 500 would indicate a 1/500th of a second shutter speed.  Speeds slower than one second are not available.">
                        <value_set offset_to_lower_limit="false">
                            <value_range lower_limit_type="inclusive" lower_limit="0"
                                         upper_limit_type="inclusive" upper_limit="65535"/>
                        </value_set>
                    </fixed_field>
                    <bit_field name="imageryControl" field_type_unsigned="unsigned short integer" optional="true"
                               interpretation="">
                        <sub_field name="autoFocusOn">
                            <bit_range from_index="0"
                                       to_index="0"/>
                            <value_set offset_to_lower_limit="false">
                                <value_range lower_limit_type="inclusive" lower_limit="0"
                                             upper_limit_type="inclusive" upper_limit="1"/>
                            </value_set>
                        </sub_field>
                        <sub_field name="autoExposureIrisOn">
                            <bit_range from_index="1"
                                       to_index="1"/>
                            <value_set offset_to_lower_limit="false">
                                <value_range lower_limit_type="inclusive" lower_limit="0"
                                             upper_limit_type="inclusive" upper_limit="1"/>
                            </value_set>
                        </sub_field>
                        <sub_field name="imageStabilizationOn">
                            <bit_range from_index="2"
                                       to_index="2"/>
                            <value_set offset_to_lower_limit="false">
                                <value_range lower_limit_type="inclusive" lower_limit="0"
                                             upper_limit_type="inclusive" upper_limit="1"/>
                            </value_set>
                        </sub_field>
                        <sub_field name="whiteBalanceOn" interpretation="White Balance On">
                            <bit_range from_index="3"
                                       to_index="3"/>
                            <value_set offset_to_lower_limit="false">
                                <value_range lower_limit_type="inclusive" lower_limit="0"
                                             upper_limit_type="inclusive" upper_limit="1"/>
                            </value_set>
                        </sub_field>
                        <sub_field name="syncFlashStrobeOn" interpretation="Sync Flash/Strobe ON">
                            <bit_range from_index="4"
                                       to_index="4"/>
                            <value_set offset_to_lower_limit="false">
                                <value_range lower_limit_type="inclusive" lower_limit="0"
                                             upper_limit_type="inclusive" upper_limit="1"/>
                            </value_set>
                        </sub_field>
                        <sub_field name="redEyeOn" interpretation="Red Eye ON">
                            <bit_range from_index="5"
                                       to_index="5"/>
                            <value_set offset_to_lower_limit="false">
                                <value_range lower_limit_type="inclusive" lower_limit="0"
                                             upper_limit_type="inclusive" upper_limit="1"/>
                            </value_set>
                        </sub_field>
                        <sub_field name="autoShutterOn" interpretation="Auto Shutter ON">
                            <bit_range from_index="6"
                                       to_index="6"/>
                            <value_set offset_to_lower_limit="false">
                                <value_range lower_limit_type="inclusive" lower_limit="0"
                                             upper_limit_type="inclusive" upper_limit="1"/>
                            </value_set>
                        </sub_field>
                        <sub_field name="autoGainOn" interpretation="Auto Gain ON">
                            <bit_range from_index="7"
                                       to_index="7"/>
                            <value_set offset_to_lower_limit="false">
                                <value_range lower_limit_type="inclusive" lower_limit="0"
                                             upper_limit_type="inclusive" upper_limit="1"/>
                            </value_set>
                        </sub_field>
                        <sub_field name="nonInterlacedOn" interpretation="Interlaced 0, non-Interlaced 1">
                            <bit_range from_index="8"
                                       to_index="8"/>
                            <value_set offset_to_lower_limit="false">
                                <value_range lower_limit_type="inclusive" lower_limit="0"
                                             upper_limit_type="inclusive" upper_limit="1"/>
                            </value_set>
                        </sub_field>
                        <sub_field name="reserved">
                            <bit_range from_index="9"
                                       to_index="15"/>
                            <value_set offset_to_lower_limit="false">
                                <value_range lower_limit_type="inclusive" lower_limit="0"
                                             upper_limit_type="inclusive" upper_limit="0"/>
                            </value_set>
                        </sub_field>
                    </bit_field>
                    <bit_field name="audioControl" field_type_unsigned="unsigned short integer"
                               interpretation="Audio Control" optional="true">
                        <sub_field name="audioOn" interpretation="Audio ON">
                            <bit_range from_index="0"
                                       to_index="0"/>
                            <value_set offset_to_lower_limit="false">
                                <value_range lower_limit_type="inclusive" lower_limit="0"
                                             upper_limit_type="inclusive" upper_limit="1"/>
                            </value_set>
                        </sub_field>
                        <sub_field name="autoGainOn" interpretation="Auto Gain ON">
                            <bit_range from_index="1"
                                       to_index="1"/>
                            <value_set offset_to_lower_limit="false">
                                <value_range lower_limit_type="inclusive" lower_limit="0"
                                             upper_limit_type="inclusive" upper_limit="1"/>
                            </value_set>
                        </sub_field>
                        <sub_field name="stereoOn" interpretation="Stereo ON">
                            <bit_range from_index="2"
                                       to_index="2"/>
                            <value_set offset_to_lower_limit="false">
                                <value_range lower_limit_type="inclusive" lower_limit="0"
                                             upper_limit_type="inclusive" upper_limit="1"/>
                            </value_set>
                        </sub_field>
                        <sub_field name="directionalOn" interpretation="Directional ON">
                            <bit_range from_index="3"
                                       to_index="3"/>
                            <value_set offset_to_lower_limit="false">
                                <value_range lower_limit_type="inclusive" lower_limit="0"
                                             upper_limit_type="inclusive" upper_limit="1"/>
                            </value_set>
                        </sub_field>
                        <sub_field name="frontMicrophoneOn" interpretation="Front Microphone ON">
                            <bit_range from_index="4"
                                       to_index="4"/>
                            <value_set offset_to_lower_limit="false">
                                <value_range lower_limit_type="inclusive" lower_limit="0"
                                             upper_limit_type="inclusive" upper_limit="1"/>
                            </value_set>
                        </sub_field>
                        <sub_field name="rearMicrophoneOn" interpretation="Rear Microphone ON">
                            <bit_range from_index="5"
                                       to_index="5"/>
                            <value_set offset_to_lower_limit="false">
                                <value_range lower_limit_type="inclusive" lower_limit="0"
                                             upper_limit_type="inclusive" upper_limit="1"/>
                            </value_set>
                        </sub_field>
                        <sub_field name="leftMicrophoneOn" interpretation="Left Microphone ON">
                            <bit_range from_index="6"
                                       to_index="6"/>
                            <value_set offset_to_lower_limit="false">
                                <value_range lower_limit_type="inclusive" lower_limit="0"
                                             upper_limit_type="inclusive" upper_limit="1"/>
                            </value_set>
                        </sub_field>
                        <sub_field name="rightMicrophoneOn" interpretation="Right Microphone ON">
                            <bit_range from_index="7"
                                       to_index="7"/>
                            <value_set offset_to_lower_limit="false">
                                <value_range lower_limit_type="inclusive" lower_limit="0"
                                             upper_limit_type="inclusive" upper_limit="1"/>
                            </value_set>
                        </sub_field>
                        <sub_field name="reserved">
                            <bit_range from_index="8"
                                       to_index="15"/>
                            <value_set offset_to_lower_limit="false">
                                <value_range lower_limit_type="inclusive" lower_limit="0"
                                             upper_limit_type="inclusive" upper_limit="0"/>
                            </value_set>
                        </sub_field>
                    </bit_field>
                </record>
            </body>
        </message_def>
        <message_def name="SetCameraFormatOptions" type="input" is_command="true" message_id="0806">
            <description>
                The Set Camera Format Options message commands the Visual
                Component to use the format output as specified for the
                currently selected camera.
            </description>
            <body>
                <record name="body">
                    <presence_vector field_type_unsigned="unsigned byte"/>
                    <fixed_field name="cameraId" field_type="byte"
                                 interpretation="1 ... 255
				       0 is Reserved"
                                 optional="false" field_units="one">
                        <value_set offset_to_lower_limit="false">
                            <value_range lower_limit_type="inclusive" lower_limit="1"
                                         upper_limit_type="inclusive" upper_limit="255"/>
                        </value_set>
                    </fixed_field>
                    <declared_field name="AudioFormat" declared_type_name="AudioFormat" optional="true"/>
                    <declared_field name="ImageFormat" declared_type_name="ImageFormat" optional="true"/>
                    <fixed_field name="formatOption" field_type="unsigned integer" optional="true"
                                 interpretation="The value contined in this field shall
				       not impact interoperability.  Image
				       format options beyond those published
				       in this message may be neccessary.
				       One example use of this field is for
				       the compression ratio for video." field_units="one">
                        <value_set offset_to_lower_limit="false">
                            <value_range lower_limit_type="inclusive" lower_limit="0"
                                         upper_limit_type="inclusive" upper_limit="65535"/>
                        </value_set>
                    </fixed_field>
                </record>
            </body>
        </message_def>
        <message_def name="QueryCameraPose" type="input" is_command="false" message_id="2800">
            <description>
                This message shall cause the receiving component to reply to
                the requestor with a Code 4800h: Report Camera Pose message.
                Field #2 specifies which camera pose to return in the Report
                Camera Pose message.
            </description>
            <body>
                <record name="body">
                    <presence_vector field_type_unsigned="unsigned short integer"/>
                    <fixed_field name="cameraId" field_type="byte"
                                 interpretation="ID of camera to query
				       1 ... 255
				       0 is Reserved"
                                 field_units="one" optional="false">
                        <value_set offset_to_lower_limit="false">
                            <value_range lower_limit_type="inclusive" lower_limit="1"
                                         upper_limit_type="inclusive" upper_limit="255"/>
                        </value_set>
                    </fixed_field>
                </record>
            </body>
        </message_def>
        <message_def name="QueryCameraCount" type="input" is_command="false" message_id="2801">
            <description>
                This message shall cause the receiving component to reply to
                the requestor with a Code 4801h: Report Camera Count message.
            </description>
            <body/>
        </message_def>
        <message_def name="QueryRelativeObjectPosition" type="input" is_command="false" message_id="2802">
            <description>
                This message shall cause the receiving component to reply to the
                requestor with a Code 4802h: Report Relative Object Position
                message.
            </description>
            <body>
                <record name="body">
                    <presence_vector field_type_unsigned="unsigned byte"/>
                </record>
            </body>
        </message_def>
        <message_def name="QuerySelectedCamera" type="input" is_command="false" message_id="2804">
            <description>
                This message shall cause the receiving component to reply to
                the requestor with a Code 4804h: Report Selected Camera message.
            </description>
            <body/>
        </message_def>
        <message_def name="QueryCameraCapabilities" type="input" is_command="false" message_id="2805">
            <description>
                This message shall cause the receiving component to reply to
                the requestor with a Code 4805h: Report Camera Capabilities
                message to report the capabilities of the selected camera.
            </description>
            <body>
                <record name="body">
                    <presence_vector field_type_unsigned="unsigned short integer"/>
                    <fixed_field name="cameraId" field_type="byte" optional="false" field_units="one">
                        <value_set offset_to_lower_limit="false">
                            <value_range lower_limit_type="inclusive" lower_limit="0"
                                         upper_limit_type="inclusive" upper_limit="0" interpretation="Reserved"/>
                            <value_range lower_limit_type="inclusive" lower_limit="1"
                                         upper_limit_type="inclusive" upper_limit="255" interpretation="Camera ID"/>
                        </value_set>
                    </fixed_field>
                </record>
            </body>
        </message_def>
        <message_def name="QueryCameraFormatOptions" type="input" is_command="false" message_id="2806">
            <description>
                This message shall cause the receiving component to reply to
                the requestor with a Code 4806h: Report Camera Format Options
                message to report the output options of the selected camera.
            </description>
            <body>
                <record name="body">
                    <presence_vector field_type_unsigned="unsigned byte"/>
                    <fixed_field name="cameraId" field_type="byte"
                                 interpretation="1 ... 255
				       0 is Reserved" field_units="one" optional="false">
                        <value_set offset_to_lower_limit="false">
                            <value_range lower_limit_type="inclusive" lower_limit="1"
                                         upper_limit_type="inclusive" upper_limit="255"/>
                        </value_set>
                    </fixed_field>
                </record>
            </body>
        </message_def>
        <message_def name="QueryImage" type="input" is_command="false" message_id="2807">
            <description>
                The Query Image message can be used to retrieve one image at a
                time from the currently selected camera. For streaming video,
                it is recommended that the Service Connection be used. For
                streaming video outside of a JAUS controlled transmission such
                as a dedicated analog RF link, the JAUS message set shall be
                used to control the flow. JAUS messages for this control are
                provided by the core message set: Resume and Standby. The
                response to the Query Image message shall be a Code 4807h:
                Report Image message.
            </description>
            <body/>
        </message_def>
        <message_def name="ReportCameraPose" type="output" is_command="false" message_id="4800">
            <description>
                This message provides the receiver with the current values of
                the camera pose.
            </description>
            <body>
                <record name="body">
                    <presence_vector field_type_unsigned="unsigned short integer"/>
                    <fixed_field name="cameraId" field_type="byte"
                                 interpretation="1 ... 255
				       0 is Reserved" field_units="one" optional="false">
                        <value_set offset_to_lower_limit="false">
                            <value_range lower_limit_type="inclusive" lower_limit="1"
                                         upper_limit_type="inclusive" upper_limit="255"/>
                        </value_set>
                    </fixed_field>
                    <fixed_length_string name="cameraName" optional="true"
                                         interpretation="15 character fixed length string." string_length="15"/>
                    <fixed_field name="xCameraOrigin" field_type="unsigned short integer" field_units="meter"
                                 optional="true"
                                 interpretation="Scaled Integer:
				       Lower Limit = -32.767
				       Upper Limit = 32.767
				       Location of the camera's
				       coordinate frame origin with
				       respect to the vehicle.">
                        <scale_range real_lower_limit="-32.767"
                                     real_upper_limit="32.767" integer_function="round"/>
                    </fixed_field>
                    <fixed_field name="yCameraOrigin" field_type="unsigned short integer" field_units="meter"
                                 optional="true"
                                 interpretation="Scaled Integer:
				       Lower Limit = -32.767
				       Upper Limit = 32.767
				       Location of the camera's
				       coordinate frame origin with
				       respect to the vehicle.">
                        <scale_range real_lower_limit="-32.767"
                                     real_upper_limit="32.767" integer_function="round"/>
                    </fixed_field>
                    <fixed_field name="zCameraOrigin" field_type="unsigned short integer" field_units="meter"
                                 optional="true"
                                 interpretation="Scaled Integer:
				       Lower Limit = -32.767
				       Upper Limit = 32.767
				       Location of the camera's
				       coordinate frame origin with
				       respect to the vehicle.">
                        <scale_range real_lower_limit="-32.767"
                                     real_upper_limit="32.767" integer_function="round"/>
                    </fixed_field>
                    <fixed_field name="xCameraAxisDirectionCosineX" field_type="unsigned short integer" optional="true"
                                 interpretation="The Camera Axis Direction
				       Cosines define the orientation of
				       the camera coordinate frame
				       with respect to the vehicle
				       coordinate frame.
				       Scaled Integer:
				       Lower Limit = -1.0
				       Upper Limit = 1.0" field_units="one">
                        <scale_range real_lower_limit="-1.0"
                                     real_upper_limit="1.0" integer_function="round"/>
                    </fixed_field>
                    <fixed_field name="xCameraAxisDirectionCosineY" field_type="unsigned short integer" optional="true"
                                 interpretation="The Camera Axis Direction
				       Cosines define the orientation of
				       the camera coordinate frame
				       with respect to the vehicle
				       coordinate frame.
				       Scaled Integer:
				       Lower Limit = -1.0
				       Upper Limit = 1.0" field_units="one">
                        <scale_range real_lower_limit="-1.0"
                                     real_upper_limit="1.0" integer_function="round"/>
                    </fixed_field>
                    <fixed_field name="xCameraAxisDirectionCosineZ" field_type="unsigned short integer" optional="true"
                                 interpretation="The Camera Axis Direction
				       Cosines define the orientation of
				       the camera coordinate frame
				       with respect to the vehicle
				       coordinate frame.
				       Scaled Integer:
				       Lower Limit = -1.0
				       Upper Limit = 1.0" field_units="one">
                        <scale_range real_lower_limit="-1.0"
                                     real_upper_limit="1.0" integer_function="round"/>
                    </fixed_field>
                    <fixed_field name="zCameraAxisDirectionCosineX" field_type="unsigned short integer" optional="true"
                                 interpretation="The Camera Axis Direction
				       Cosines define the orientation of
				       the camera coordinate frame
				       with respect to the vehicle
				       coordinate frame.
				       Scaled Integer:
				       Lower Limit = -1.0
				       Upper Limit = 1.0" field_units="one">
                        <scale_range real_lower_limit="-1.0"
                                     real_upper_limit="1.0" integer_function="round"/>
                    </fixed_field>
                    <fixed_field name="zCameraAxisDirectionCosineY" field_type="unsigned short integer" optional="true"
                                 interpretation="The Camera Axis Direction
				       Cosines define the orientation of
				       the camera coordinate frame
				       with respect to the vehicle
				       coordinate frame.
				       Scaled Integer:
				       Lower Limit = -1.0
				       Upper Limit = 1.0" field_units="one">
                        <scale_range real_lower_limit="-1.0"
                                     real_upper_limit="1.0" integer_function="round"/>
                    </fixed_field>
                    <fixed_field name="zCameraAxisDirectionCosineZ" field_type="unsigned short integer" optional="true"
                                 interpretation="The Camera Axis Direction
				       Cosines define the orientation of
				       the camera coordinate frame
				       with respect to the vehicle
				       coordinate frame.
				       Scaled Integer:
				       Lower Limit = -1.0
				       Upper Limit = 1.0" field_units="one">
                        <scale_range real_lower_limit="-1.0"
                                     real_upper_limit="1.0" integer_function="round"/>
                    </fixed_field>
                </record>
            </body>
        </message_def>
        <message_def name="ReportCameraCount" type="output" is_command="false" message_id="4801">
            <description>
                Each camera under the control of the visual component has a
                unique ID. The camera IDs range from one to the number of
                cameras, up to a maximum of 255. For example, if the Camera
                Count message returns a value of 3, then the camera IDs are 1,
                2, and 3. The location and orientation of each camera is
                determined by information returned by the camera position and
                orientation parameters message.
            </description>
            <body>
                <record name="body">
                    <fixed_field name="cameraCount" field_type="byte"
                                 interpretation="1 ... 255
				       Returns the number of cameras under
				       control of the visual component." field_units="one" optional="false">
                        <value_set offset_to_lower_limit="false">
                            <value_range lower_limit_type="inclusive" lower_limit="1"
                                         upper_limit_type="inclusive" upper_limit="255"/>
                        </value_set>
                    </fixed_field>
                </record>
            </body>
        </message_def>
        <message_def name="ReportRelativeObjectPosition" type="output" is_command="false" message_id="4802">
            <description>
                For the Report Relative Object Position message, the parameters
                Range, Bearing, and Elevation indicate the relative offset to
                the object in the current platform coordinate system.
            </description>
            <body>
                <record name="body">
                    <presence_vector field_type_unsigned="unsigned byte"/>
                    <declared_field declared_type_name="TimeStamp"
                                    declared_type_set_ref_name="CoreMessageGroupTypeSet"
                                    name="TimeStamp"
                                    optional="true"/>
                    <fixed_field name="range" field_type="unsigned integer" field_units="meter" optional="true">
                        <scale_range real_lower_limit="-10000"
                                     real_upper_limit="10000" integer_function="round"/>
                    </fixed_field>
                    <fixed_field name="rangeError" field_type="unsigned integer" field_units="meter" optional="true">
                        <scale_range real_lower_limit="0"
                                     real_upper_limit="1000" integer_function="round"/>
                    </fixed_field>
                    <fixed_field name="bearing" field_type="unsigned integer" field_units="radian" optional="true">
                        <scale_range real_lower_limit="-3.14159265359"
                                     real_upper_limit="3.14159265359" integer_function="round"/>
                    </fixed_field>
                    <fixed_field name="bearingError" field_type="unsigned integer" field_units="radian" optional="true">
                        <scale_range real_lower_limit="0"
                                     real_upper_limit="3.14159265359" integer_function="round"/>
                    </fixed_field>
                    <fixed_field name="elevation" field_type="unsigned integer" field_units="radian" optional="true">
                        <scale_range real_lower_limit="-3.14159265359"
                                     real_upper_limit="3.14159265359" integer_function="round"/>
                    </fixed_field>
                    <fixed_field name="elevationError" field_type="unsigned integer" field_units="radian"
                                 optional="true">
                        <scale_range real_lower_limit="0"
                                     real_upper_limit="3.14159265359" integer_function="round"/>
                    </fixed_field>
                    <fixed_field name="confidence" field_type="byte" optional="true"
                                 interpretation="0 - Low
				       255 - Highest" field_units="one">
                        <value_set offset_to_lower_limit="false">
                            <value_range lower_limit_type="inclusive" lower_limit="0"
                                         upper_limit_type="inclusive" upper_limit="255"/>
                        </value_set>
                    </fixed_field>
                </record>
            </body>
        </message_def>
        <message_def name="ReportSelectedCamera" type="output" is_command="false" message_id="4804">
            <description>
                The Report Selected Camera message allows the Visual Component
                to report the selected camera currently in use for all imagery.
            </description>
            <body>
                <record name="body">
                    <fixed_field name="cameraId" field_type="byte"
                                 interpretation="0 - 255" field_units="one" optional="false">
                        <value_set offset_to_lower_limit="false">
                            <value_range lower_limit_type="inclusive" lower_limit="0"
                                         upper_limit_type="inclusive" upper_limit="255"/>
                        </value_set>
                    </fixed_field>
                </record>
            </body>
        </message_def>
        <message_def name="ReportCameraCapabilities" type="output" is_command="false" message_id="4805">
            <description>
                The Report Camera Capabilities message allows the Visual
                Component to report the capabilities for the selected camera.
            </description>
            <body>
                <record name="body">
                    <presence_vector field_type_unsigned="unsigned short integer"/>
                    <fixed_field name="cameraId" field_type="byte"
                                 interpretation="1 ... 255
				       0 is Reserved" field_units="one" optional="false">
                        <value_set offset_to_lower_limit="false">
                            <value_range lower_limit_type="inclusive" lower_limit="1"
                                         upper_limit_type="inclusive" upper_limit="255"/>
                        </value_set>
                    </fixed_field>
                    <fixed_length_string name="description" optional="true"
                                            interpretation="50 characters containing the human
						  readable description of the Camera.  This shall
						  be a null terminated ASCII String." string_length="50"/>
                    <fixed_field name="maxHorizontalFov" field_type="unsigned short integer" field_units="radian"
                                 optional="true"
                                 interpretation="Scaled Integer:
				       Lower Limit = 0
				       Upper Limit = PI">
                        <scale_range real_lower_limit="0"
                                     real_upper_limit="3.14159265359" integer_function="round"/>
                    </fixed_field>
                    <fixed_field name="minHorizontalFov" field_type="unsigned short integer" field_units="radian"
                                 optional="true"
                                 interpretation="Scaled Integer:
				       Lower Limit = 0
				       Upper Limit = PI">
                        <scale_range real_lower_limit="0"
                                     real_upper_limit="3.14159265359" integer_function="round"/>
                    </fixed_field>
                    <fixed_field name="maxVerticalFov" field_type="unsigned short integer" field_units="radian"
                                 optional="true"
                                 interpretation="Scaled Integer:
				       Lower Limit = 0
				       Upper Limit = PI">
                        <scale_range real_lower_limit="0"
                                     real_upper_limit="3.14159265359" integer_function="round"/>
                    </fixed_field>
                    <fixed_field name="minVerticalFov" field_type="unsigned short integer" field_units="radian"
                                 optional="true"
                                 interpretation="Scaled Integer:
				       Lower Limit = 0
				       Upper Limit = PI">
                        <scale_range real_lower_limit="0"
                                     real_upper_limit="3.14159265359" integer_function="round"/>
                    </fixed_field>
                    <fixed_field name="maxHorizontalResolution" field_type="unsigned short integer" optional="true"
                                 interpretation="The maximum number of possible
				       horizontal scan lines produced
				       by the camera" field_units="one">
                        <value_set offset_to_lower_limit="false">
                            <value_range lower_limit_type="inclusive" lower_limit="0"
                                         upper_limit_type="inclusive" upper_limit="65535"/>
                        </value_set>
                    </fixed_field>
                    <fixed_field name="minHorizontalResolution" field_type="unsigned short integer" optional="true"
                                 interpretation="The minimum number of possible
				       horizontal scan lines produced
				       by the camera" field_units="one">
                        <value_set offset_to_lower_limit="false">
                            <value_range lower_limit_type="inclusive" lower_limit="0"
                                         upper_limit_type="inclusive" upper_limit="65535"/>
                        </value_set>
                    </fixed_field>
                    <fixed_field name="maxVerticalResolution" field_type="unsigned short integer" optional="true"
                                 interpretation="The maximum number of possible
				       vertical scan lines produced
				       by the camera" field_units="one">
                        <value_set offset_to_lower_limit="false">
                            <value_range lower_limit_type="inclusive" lower_limit="0"
                                         upper_limit_type="inclusive" upper_limit="65535"/>
                        </value_set>
                    </fixed_field>
                    <fixed_field name="minVerticalResolution" field_type="unsigned short integer" optional="true"
                                 interpretation="The minimum number of possible
				       vertical scan lines produced
				       by the camera" field_units="one">
                        <value_set offset_to_lower_limit="false">
                            <value_range lower_limit_type="inclusive" lower_limit="0"
                                         upper_limit_type="inclusive" upper_limit="65535"/>
                        </value_set>
                    </fixed_field>
                    <fixed_field name="minFrameRate" field_type="unsigned short integer" field_units="one"
                                 optional="true"
                                 interpretation="For video imagery this field indicates
				       the minimum frame rate possible by
				       the camera system in frames per
				       second.  Frame rates slower than 1
				       frame per second are not available.">
                        <value_set offset_to_lower_limit="false">
                            <value_range lower_limit_type="inclusive" lower_limit="0"
                                         upper_limit_type="inclusive" upper_limit="65535"/>
                        </value_set>
                    </fixed_field>
                    <fixed_field name="maxFrameRate" field_type="unsigned short integer" field_units="one"
                                 optional="true"
                                 interpretation="For video imagery this field indicates
				       the maximum frame rate possible by
				       the camera system in frames per
				       second.">
                        <value_set offset_to_lower_limit="false">
                            <value_range lower_limit_type="inclusive" lower_limit="0"
                                         upper_limit_type="inclusive" upper_limit="65535"/>
                        </value_set>
                    </fixed_field>
                    <fixed_field name="minShutter" field_type="unsigned short integer" field_units="hertz"
                                 optional="true"
                                 interpretation="For Still imagery this field indicates the slowest possible shutter speed as the inverse of the field value.  For example 500 would indicate a 1/500th of a second shutter speed. Speeds slower than one second are not available.">
                        <value_set offset_to_lower_limit="false">
                            <value_range lower_limit_type="inclusive" lower_limit="0"
                                         upper_limit_type="inclusive" upper_limit="65535"/>
                        </value_set>
                    </fixed_field>
                    <fixed_field name="maxShutter" field_type="unsigned short integer" field_units="hertz"
                                 optional="true"
                                 interpretation="For Still imagery this field indicates the fastest possible shutter speed as the inverse of the field value.  For example 500 would indicate a 1/500th of a second shutter speed.">
                        <value_set offset_to_lower_limit="false">
                            <value_range lower_limit_type="inclusive" lower_limit="0"
                                         upper_limit_type="inclusive" upper_limit="65535"/>
                        </value_set>
                    </fixed_field>
                    <bit_field name="imageryControl" field_type_unsigned="unsigned short integer" optional="true"
                               interpretation="">
                        <sub_field name="autoFocusAvailable">
                            <bit_range from_index="0"
                                       to_index="0"/>
                            <value_set offset_to_lower_limit="false">
                                <value_range lower_limit_type="inclusive" lower_limit="0"
                                             upper_limit_type="inclusive" upper_limit="1"/>
                            </value_set>
                        </sub_field>
                        <sub_field name="autoExposureIrisAvailable" interpretation="Auto Exposure/Iris Available">
                            <bit_range from_index="1"
                                       to_index="1"/>
                            <value_set offset_to_lower_limit="false">
                                <value_range lower_limit_type="inclusive" lower_limit="0"
                                             upper_limit_type="inclusive" upper_limit="1"/>
                            </value_set>
                        </sub_field>
                        <sub_field name="imageStabilizationAvailable">
                            <bit_range from_index="2"
                                       to_index="2"/>
                            <value_set offset_to_lower_limit="false">
                                <value_range lower_limit_type="inclusive" lower_limit="0"
                                             upper_limit_type="inclusive" upper_limit="1"/>
                            </value_set>
                        </sub_field>
                        <sub_field name="whiteBalanceAvailable">
                            <bit_range from_index="3"
                                       to_index="3"/>
                            <value_set offset_to_lower_limit="false">
                                <value_range lower_limit_type="inclusive" lower_limit="0"
                                             upper_limit_type="inclusive" upper_limit="1"/>
                            </value_set>
                        </sub_field>
                        <sub_field name="syncFlashStrobeAvailable"
                                   interpretation="Sync Flash/Strobe Available">
                            <bit_range from_index="4"
                                       to_index="4"/>
                            <value_set offset_to_lower_limit="false">
                                <value_range lower_limit_type="inclusive" lower_limit="0"
                                             upper_limit_type="inclusive" upper_limit="1"/>
                            </value_set>
                        </sub_field>
                        <sub_field name="redEyeAvailable">
                            <bit_range from_index="5"
                                       to_index="5"/>
                            <value_set offset_to_lower_limit="false">
                                <value_range lower_limit_type="inclusive" lower_limit="0"
                                             upper_limit_type="inclusive" upper_limit="1"/>
                            </value_set>
                        </sub_field>
                        <sub_field name="autoShutterAvailable">
                            <bit_range from_index="6"
                                       to_index="6"/>
                            <value_set offset_to_lower_limit="false">
                                <value_range lower_limit_type="inclusive" lower_limit="0"
                                             upper_limit_type="inclusive" upper_limit="1"/>
                            </value_set>
                        </sub_field>
                        <sub_field name="autoGainAvailable">
                            <bit_range from_index="7"
                                       to_index="7"/>
                            <value_set offset_to_lower_limit="false">
                                <value_range lower_limit_type="inclusive" lower_limit="0"
                                             upper_limit_type="inclusive" upper_limit="1"/>
                            </value_set>
                        </sub_field>
                        <sub_field name="isNonInterlaced" interpretation="Interlaced 0, non-Interlaced 1">
                            <bit_range from_index="8"
                                       to_index="8"/>
                            <value_set offset_to_lower_limit="false">
                                <value_range lower_limit_type="inclusive" lower_limit="0"
                                             upper_limit_type="inclusive" upper_limit="1"/>
                            </value_set>
                        </sub_field>
                        <sub_field name="reserved">
                            <bit_range from_index="9"
                                       to_index="15"/>
                            <value_set offset_to_lower_limit="false">
                                <value_range lower_limit_type="inclusive" lower_limit="0"
                                             upper_limit_type="inclusive" upper_limit="0"/>
                            </value_set>
                        </sub_field>
                    </bit_field>
                    <bit_field name="audioControl" field_type_unsigned="unsigned short integer"
                               optional="true">
                        <sub_field name="audioAvailable" interpretation="Audio Available">
                            <bit_range from_index="0"
                                       to_index="0"/>
                            <value_set offset_to_lower_limit="false">
                                <value_range lower_limit_type="inclusive" lower_limit="0"
                                             upper_limit_type="inclusive" upper_limit="1"/>
                            </value_set>
                        </sub_field>
                        <sub_field name="autoGainAvailable" interpretation="Auto Gain Available">
                            <bit_range from_index="1"
                                       to_index="1"/>
                            <value_set offset_to_lower_limit="false">
                                <value_range lower_limit_type="inclusive" lower_limit="0"
                                             upper_limit_type="inclusive" upper_limit="1"/>
                            </value_set>
                        </sub_field>
                        <sub_field name="stereoAvailable" interpretation="Stereo Available">
                            <bit_range from_index="2"
                                       to_index="2"/>
                            <value_set offset_to_lower_limit="false">
                                <value_range lower_limit_type="inclusive" lower_limit="0"
                                             upper_limit_type="inclusive" upper_limit="1"/>
                            </value_set>
                        </sub_field>
                        <sub_field name="directionalAvailable" interpretation="Directional Available">
                            <bit_range from_index="3"
                                       to_index="3"/>
                            <value_set offset_to_lower_limit="false">
                                <value_range lower_limit_type="inclusive" lower_limit="0"
                                             upper_limit_type="inclusive" upper_limit="1"/>
                            </value_set>
                        </sub_field>
                        <sub_field name="frontMicrophoneAvailable" interpretation="Front Microphone Available">
                            <bit_range from_index="4"
                                       to_index="4"/>
                            <value_set offset_to_lower_limit="false">
                                <value_range lower_limit_type="inclusive" lower_limit="0"
                                             upper_limit_type="inclusive" upper_limit="1"/>
                            </value_set>
                        </sub_field>
                        <sub_field name="rearMicrophoneAvailable" interpretation="Rear Microphone Available">
                            <bit_range from_index="5"
                                       to_index="5"/>
                            <value_set offset_to_lower_limit="false">
                                <value_range lower_limit_type="inclusive" lower_limit="0"
                                             upper_limit_type="inclusive" upper_limit="1"/>
                            </value_set>
                        </sub_field>
                        <sub_field name="leftMicrophoneAvailable" interpretation="Left Microphone Available">
                            <bit_range from_index="6"
                                       to_index="6"/>
                            <value_set offset_to_lower_limit="false">
                                <value_range lower_limit_type="inclusive" lower_limit="0"
                                             upper_limit_type="inclusive" upper_limit="1"/>
                            </value_set>
                        </sub_field>
                        <sub_field name="rightMicrophoneAvailable" interpretation="Right Microphone Available">
                            <bit_range from_index="7"
                                       to_index="7"/>
                            <value_set offset_to_lower_limit="false">
                                <value_range lower_limit_type="inclusive" lower_limit="0"
                                             upper_limit_type="inclusive" upper_limit="1"/>
                            </value_set>
                        </sub_field>
                        <sub_field name="Reserved">
                            <bit_range from_index="8"
                                       to_index="15"/>
                            <value_set offset_to_lower_limit="false">
                                <value_range lower_limit_type="inclusive" lower_limit="0"
                                             upper_limit_type="inclusive" upper_limit="0"/>
                            </value_set>
                        </sub_field>
                    </bit_field>
                </record>
            </body>
        </message_def>
        <message_def name="ReportCameraFormatOptions" type="output" is_command="false" message_id="4806">
            <description>
                The Report Camera Format Options message allows the Visual
                Component to report the output formats available for the
                selected camera. Note that up to four image formats and two
                audio formats can be supported.
            </description>
            <body>
                <record name="body">
                    <presence_vector field_type_unsigned="unsigned byte"/>
                    <fixed_field name="CameraId" field_type="byte"
                                 interpretation="1 ... 255
				       0 is Reserved" field_units="one" optional="false">
                        <value_set offset_to_lower_limit="false">
                            <value_range lower_limit_type="inclusive" lower_limit="1"
                                         upper_limit_type="inclusive" upper_limit="255"/>
                        </value_set>
                    </fixed_field>
                    <declared_field name="AudioFormat1" declared_type_name="AudioFormat" optional="true"/>
                    <declared_field name="AudioFormat2" declared_type_name="AudioFormat" optional="true"/>
                    <declared_field name="ImageFormat1" declared_type_name="ImageFormat" optional="true"/>
                    <declared_field name="ImageFormat2" declared_type_name="ImageFormat" optional="true"/>
                    <declared_field name="ImageFormat3" declared_type_name="ImageFormat" optional="true"/>
                    <declared_field name="ImageFormat4" declared_type_name="ImageFormat" optional="true"/>
                    <fixed_field name="formatOption" field_type="unsigned integer" optional="true"
                                 interpretation="RESERVED: The value contained in this
				       field shall not impact interoperability.
				       Image format options beyond those
				       published in this message
				       may be necessary.
				       One example use of this field is for the compression ratio for video." field_units="one">
                        <value_set offset_to_lower_limit="false">
                            <value_range lower_limit_type="inclusive" lower_limit="0"
                                         upper_limit_type="inclusive" upper_limit="4294967295"/>
                        </value_set>
                    </fixed_field>
                </record>
            </body>
        </message_def>
        <message_def name="ReportImage" type="output" is_command="false" message_id="4807">
            <description>
                The Report Image message contains the data for transmission of
                one entire frame of visual data. This can be one still image,
                a frame from a video stream, audio data, or the combination of
                audio and video when supported by the format definition. The
                message size restrictions within JAUS may require that
                multiple transmissions be used to convey one frame. Paragraph
                7.5 of the JAUS Reference Architecture addresses this issue.
            </description>
            <body>
                <record name="body">
                    <variable_format_field name="VideoData"
                                           interpretation="Video Data/Format:
						 The data and format
						 contained within a
						 Report Video Frame
						 Message is not
						 defined by the JAUS.
						 The JTA and best
						 commercial practices
						 dictate the content
						 of this message."
                                           optional="false">
                        <format_field>
                            <format_enum index="0" field_format="MJPEG"/>
                            <format_enum index="1" field_format="MPEG1"/>
                            <format_enum index="2" field_format="MPEG2"/>
                            <format_enum index="3" field_format="MPEG4"/>
                        </format_field>
                        <count_field field_type_unsigned="unsigned integer"/>
                    </variable_format_field>
                </record>
            </body>
        </message_def>
    </message_set>

    <protocol_behavior xmlns="urn:jaus:jsidl:1.0" is_stateless="true">
        <start state="Null" map="MyMap"></start>
        <map name="MyMap">
            <state name="Null">
            </state>
        </map>
    </protocol_behavior>
</service_def>
